text,emotion
"I love this product, it's amazing!",positive
"This is the worst experience I've ever had.",negative
"Just okay, not great but not terrible either.",neutral
"Absolutely fantastic service and support.",positive
"I am very disappointed with the quality.",negative
"Great, will definitely buy again!",positive
"Not what I expected, very underwhelming.",negative
"Could be better, but it's manageable.",neutral
"Highly recommend to everyone, superb!",positive
"Extremely dissatisfied, would not recommend.",negative
"The food was delicious, very satisfied!",positive
"The service was slow and unprofessional.",negative
"It was an average day, nothing extraordinary.",neutral
"Excellent quality and prompt delivery!",positive
"Very poor experience, won't return.",negative
"The product is decent, but not worth the price.",neutral
"Wonderful, exceeded all my expectations!",positive
"Terrible experience, would never recommend.",negative
"Fairly good, but there is room for improvement.",neutral
"Fantastic customer support and quick resolution!",positive
"Awful product, a total waste of money.",negative
"The atmosphere was pleasant and welcoming.",positive
"I felt neglected and ignored by the staff.",negative
"Everything was average, neither good nor bad.",neutral
"Very satisfied with the overall experience!",positive
"Extremely bad service, very frustrating.",negative
"The quality was subpar, but acceptable.",neutral
"Exceptional service, definitely worth the price!",positive
"The product did not meet my expectations.",negative
"Reasonable quality for the price paid.",neutral
"Superb experience, will come back again!",positive
"The item was defective and useless.",negative
"Service was okay, nothing extraordinary.",neutral
"Perfect product, couldn't be happier!",positive
"Completely unsatisfactory, would not purchase again.",negative
"The overall experience was average and unimpressive.",neutral
"Top-notch quality and service, highly recommend!",positive
"Extremely disappointed, a huge letdown.",negative
"Neutral experience, neither good nor bad.",neutral
"Great value for money, highly satisfied!",positive
"Very dissatisfied, it was a total disappointment.",negative
"Just an average product, nothing special.",neutral
"Absolutely thrilled with the purchase, exceeded all expectations!",positive
"Service was terrible and the product was faulty.",negative
"An average experience with no highlights.",neutral
"Fantastic purchase, I am very pleased!",positive
"Unacceptable quality, not worth the cost.",negative
"Service was okay, could use some improvement.",neutral
"Highly satisfied, the product works perfectly!",positive
"Awful experience, I regret buying it.",negative
"Product met the basic requirements but nothing more.",neutral
"Excellent quality and service, very happy!",positive
"Very disappointed, the product was not as described.",negative
"Neutral experience, it was neither good nor bad.",neutral
"Wonderful purchase, exceeded all my expectations!",positive
"Very poor quality, would not recommend to anyone.",negative
"Service was average, nothing to write home about.",neutral
"Superb experience, I am extremely satisfied!",positive
"Total disappointment, not worth the price.",negative
"Just okay, neither good nor bad.",neutral
"Fantastic product, definitely worth buying!",positive
"Very unsatisfactory, a waste of money.",negative
"Average product, did what it was supposed to.",neutral
"Great purchase, very happy with it!",positive
"Extremely poor experience, would not return.",negative
"Service was average, not impressive.",neutral
"Absolutely delighted with the purchase, highly recommend!",positive
"Awful experience, I am very dissatisfied.",negative
"Product was okay, but nothing extraordinary.",neutral
"Exceptional service, very pleased with the product!",positive
"Completely disappointing, would not buy again.",negative
"Service was mediocre, could be improved.",neutral
"Wonderful purchase, I'm very satisfied with it!",positive
"Terrible quality, a complete letdown.",negative
"Neutral product, it served its purpose.",neutral
"Fantastic quality, would definitely buy again!",positive
"Very unhappy with the product, it did not meet expectations.",negative
"Service was alright, nothing special.",neutral
"Excellent purchase, very pleased with the quality!",positive
"Awful product, did not meet any expectations.",negative
"Average experience, neither good nor bad.",neutral
"Great value and superb quality, highly recommend!",positive
"Extremely dissatisfied, would not recommend this product.",negative
"Service was average, could be improved.",neutral
